player_name,live_top10_prob,live_finish_pred,holes_completed,cumulative_score_to_par,blended_top10_prob,blended_win_prob,top10_prob_delta,current_score_to_par,market_win,market_top10,win_edge_vs_market,model_american_win,model_american_top10,live_rank,pre_tournament_rank,rank_change,sg_ott,sg_app,sg_arg,sg_putt,sg_t2g,sg_total,current_pos,current_score,thru,today,dg_win_prob,dg_top5_prob,dg_top10_prob,dg_top20_prob,dg_make_cut,mc_win_prob,mc_top5_prob,mc_top10_prob,mc_projected_total,strokes_back,expected_score_per_round,inweek_mean,mc_proj_p25,mc_proj_p75,mc_proj_p90,mc_collapse_prob,mc_win_scenario_score,edge_vs_dg_win,edge_vs_dg_top10,book_top_5_american,book_top_5_implied,best_book_top_5,book_top_10_american,book_top_10_implied,best_book_top_10,book_top_20_american,book_top_20_implied,best_book_top_20,current_round
Matt McCarty,0.6068105,0.2449188,9,-5,0.8076459154061669,0.1324725,0.2050896379734893,-5,0.0030333333333333,0.0711839375901876,-0.0030333333333333,+655,+1138,1,51.0,-9.0,-0.71,0.5,0.73,4.1,0.52,4.62,T1,-5,9,-5,0.037096,0.2054,0.35244,0.57556,1,0.3117,0.7319,0.8863,-12.4,0,-1.6246287822087164,-2.671550184432627,-15.8,-8.9,-5.8,0.4067,-3.262841491985807,0.0953765,-2.716754084593833,2000,0.047619,betonline,850,0.105263,fanduel,300,0.25,fanduel,1
Sungjae Im,0.2800894,0.35275126,6,-5,0.7504264583096835,0.0980475,0.07440462842473573,-5,0.00275,0.0606157491582492,-0.00275,+920,+1233,2,55.0,-13.0,0.54,0.87,-0.34,2.74,1.07,3.81,T1,-5,6,-5,0.022888,0.13852,0.25324,0.45868,1,0.2307,0.65135,0.8404,-11.5,0,-1.2170566465397323,-2.365635259328088,-15.0,-8.0,-4.8,0.2307,-3.1107047704376485,0.07515949999999999,-1.7819735416903164,3000,0.032258,caesars,1200,0.076923,caesars,430,0.188679,fanduel,1
Tommy Fleetwood,0.539816,0.24434707,12,-3,0.5485311477768848,0.056733072935388734,-6.237160368654836,-3,0.03795,0.299827991221741,0.01814230075719781,+1663,+1723,3,5.0,3.0,0.07,1.23,0.35,1.6,1.64,3.24,T3,-3,12,-3,0.0756526666666667,0.31584,0.49548,0.71344,1,0.0576,0.3372,0.5828,-8.3,2,-1.280226692406179,-1.816855577005149,-11.6,-4.9,-1.8,0.0576,-3.6939401338763425,-0.018919593731277967,-4.406268852223115,500,0.166667,bet365,230,0.30303,bet365,-114,0.53271,draftkings,1
Patrick Rodgers,0.68339807,0.21450926,9,-3,0.4004260433906066,0.03589416375225865,-0.8643537939989803,-3,,,0.04235724130827591,+2686,+2397,4,,,0.41,1.61,-0.35,0.94,1.68,2.62,T3,-3,9,-3,0.0117146666666667,0.09124,0.18976,0.37736,1,0.02715,0.2031,0.4178,-6.5,2,-0.6350950000000001,-1.3057081250000002,-10.0,-3.0,-0.1,0.02715,-3.3959040623729395,0.02417949708559195,-1.4971739566093936,3500,0.027778,fanduel,1400,0.066667,fanduel,500,0.166667,fanduel,1
Xander Schauffele,0.33144382,0.25414336,7,0,0.1466037394460391,0.03454632305652602,-6.766907751604976,0,0.0449666666666667,0.31043315957191,0.011603025605552465,+2795,+6721,5,4.0,3.0,-0.29,0.53,-0.4,0.2,-0.16,0.05,T34,0,8,0,0.046648,0.22272,0.37076,0.58024,1,0.00475,0.05085,0.1329,-2.0,5,-0.43891000000000013,-0.39014222222222233,-5.9,1.9,5.3,0.00475,-4.32778638206327,-0.012101676943473985,-3.560996260553961,255,0.28169,draftkings,124,0.446429,draftkings,-192,0.657534,draftkings,1
Tony Finau,0.68339807,0.22061934,8,-3,0.30851888214566914,0.030578950427029183,-0.8764877992282383,-3,,,0.04046773987309423,+3170,+3141,6,,,0.07,0.24,2.37,-0.54,2.68,2.14,T3,-3,8,-3,0.0069446666666666,0.05464,0.12008,0.26676,1,0.0172,0.1384,0.3151,-5.3,2,-0.263815,-0.9845022222222222,-8.9,-1.8,1.4,0.0172,-3.4658059306986475,0.023634283760362584,-0.892281117854331,4500,0.021739,fanduel,1700,0.055556,fanduel,600,0.142857,fanduel,1
Mackenzie Hughes,0.58878285,0.22904754,13,-2,0.16834094854697568,0.02614103519287693,-0.8638721985564053,-2,,,0.042432235118046835,+3725,+5840,7,,,-0.21,1.13,1.56,-0.53,2.48,1.95,T11,-2,13,-2,0.0032813333333333,0.03608,0.09248,0.22716,1,0.0041,0.05585,0.15425,-3.1,3,-0.05898999999999999,-0.5483390277777778,-6.6,0.4,3.7,0.0041,-3.70569263842707,0.02285970185954363,-0.7564590514530244,5000,0.019608,betonline,1900,0.05,fanduel,700,0.125,fanduel,1
Alex Fitzpatrick,0.611089,0.23585984,10,-2,0.20788800309845196,0.025816657410766216,-0.8812599581896694,-2,,,0.03972462158394125,+3773,+4710,8,,,-0.08,1.33,0.18,0.41,1.43,1.83,T11,-2,10,-2,0.0103726666666667,0.0852,0.18296,0.38116,1,0.007,0.07875,0.2015,-3.8,3,-0.24435399999999996,-0.7104159444444444,-7.3,-0.3,2.9,0.007,-3.726260471685565,0.015443990744099516,-1.621711996901548,2250,0.042553,draftkings,920,0.098039,draftkings,340,0.227273,draftkings,1
Rory McIlroy,0.1139707,0.34328976,11,0,0.12920395941193014,0.025762881404755064,-7.63594503623902,0,0.0487,0.325473706709957,-0.00784933668738249,+3782,+7640,9,2.0,-3.0,1.02,0.07,-0.5,-0.49,0.59,0.11,T34,0,11,0,0.084948,0.32328,0.48888,0.6978,1,0.00535,0.0492,0.12825,-2.0,5,-0.4536440338029481,-0.3843373064163866,-5.8,1.8,5.3,0.00535,-4.439635706965671,-0.05918511859524493,-4.75959604058807,152,0.396825,draftkings,-132,0.568966,draftkings,-320,0.761905,draftkings,1
David Lipsky,0.5973729,0.2739659,9,-2,0.23154118050580108,0.02531214380278556,-0.8963876434236528,-2,,,0.03736894574397489,+3851,+4219,10,,,-0.13,0.27,0.34,1.65,0.49,2.14,T11,-2,9,-2,0.0017433333333333,0.0234,0.06244,0.1682,1,0.009,0.09225,0.2304,-4.3,3,-0.3723000000000001,-0.8257625000000001,-7.7,-0.8,2.4,0.009,-3.482719875588296,0.023568810469452257,-0.392858819494199,10000,0.009901,betonline,3300,0.029412,betonline,1000,0.090909,bovada,1
Cameron Young,0.44419885,0.28957328,8,-1,0.1919171900994416,0.025271327144062983,-5.380329665687294,-1,0.0401666666666667,0.288426682299182,-0.0020926194596006392,+3857,+5111,11,6.0,-2.0,0.45,0.24,-0.04,0.11,0.65,0.76,T18,-1,8,-1,0.08562,0.32596,0.48832,0.6918,1,0.00795,0.0777,0.1834,-3.2,4,-0.42056504820307095,-0.6238355984027297,-6.9,0.6,3.9,0.00795,-3.901526359051231,-0.06034867285593702,-4.691282809900558,215,0.31746,draftkings,106,0.485437,draftkings,-225,0.692308,draftkings,1
Sepp Straka,0.21015872,0.5438619,8,-3,0.4873564654380263,0.023288576995896853,-0.30288705088960477,-3,0.0094,0.129241704545455,-0.007961170441918512,+4194,+1952,12,29.0,-22.0,0.26,1.73,0.1,0.67,2.1,2.76,T3,-3,8,-3,0.04925,0.22348,0.37212,0.59,1,0.05285,0.30595,0.5424,-7.8,2,-0.9948306733130746,-1.634293931833844,-11.3,-4.4,-1.2,0.05285,-3.4218672421376555,-0.02596142300410315,-3.2338435345619736,900,0.1,betonline,400,0.2,betonline,150,0.4,betonline,1
Ludvig Aberg,0.5575575,0.3117545,12,-1,0.17159786160150098,0.02178857477319083,-4.591713596126536,-1,0.0405666666666667,0.293835614478114,-0.006923493148073952,+4490,+5728,13,9.0,-2.0,1.17,1.27,-0.02,-1.18,2.42,1.24,T18,-1,12,-1,0.0538653333333333,0.24956,0.40264,0.62044,1,0.00575,0.05835,0.156,-2.9,4,-0.391166855153414,-0.5759723792945117,-6.5,0.7,3.9,0.00575,-3.965500821825184,-0.03207675856014247,-3.8548021383984987,365,0.215054,draftkings,180,0.357143,draftkings,-130,0.565217,draftkings,1
Robert MacIntyre,0.57440245,0.3506368,6,0,0.08255335566897862,0.020533154025653526,-4.693730537212483,0,0.0328666666666667,0.281449223184223,0.0012909925083829168,+4770,+12013,14,8.0,-2.0,0.91,-0.64,-1.39,-0.07,-1.12,-1.19,T34,0,6,0,0.0088413333333333,0.07196,0.15476,0.32716,1,0.0021,0.01975,0.0551,1.1,5,0.4441136533738505,0.40710418225936296,-3.0,5.3,8.9,0.0021,-4.096453655756235,0.011691820692320226,-1.4650466443310215,800,0.111111,betonline,350,0.222222,betonline,135,0.425532,betonline,1
J.T. Poston,0.506227,0.28922915,9,-1,0.12223736873268498,0.020063138554458983,-0.9303283248241491,-1,,,0.032083719225146065,+4884,+8081,15,,,-0.17,2.04,0.3,-1.03,2.17,1.14,T18,-1,10,-1,0.0047046666666666,0.04388,0.10716,0.25452,1,0.0038,0.03925,0.1109,-1.9,4,-0.034455999999999876,-0.27967044444444433,-5.5,1.8,5.2,0.0038,-3.865850767323996,0.015358471887792383,-0.9493626312673151,2500,0.038462,betonline,1000,0.090909,betonline,350,0.222222,betonline,1
Sahith Theegala,0.5366915,0.2724364,6,-1,0.14022713271998416,0.01885171661322015,-0.9478924791915952,-1,,,0.029348637588208958,+5205,+7031,16,,,0.04,0.89,-0.07,0.64,0.86,1.5,T18,-1,6,-1,0.0160726666666667,0.10192,0.20404,0.38944,1,0.00465,0.04815,0.1337,-2.5,4,-0.16189500000000012,-0.3984037500000001,-6.1,1.4,4.6,0.00465,-3.6312365151748898,0.002779049946553449,-1.9001728672800158,1700,0.055556,fanduel,700,0.125,fanduel,280,0.263158,fanduel,1
Jacob Bridgeman,0.5340745,0.23527355,7,-3,0.3822213380102472,0.018469584800099796,-1.434255728870534,-3,0.0148,0.164048442760943,-0.006478982956348181,+5314,+2516,17,18.0,-16.0,0.45,-0.02,0.99,0.39,1.42,1.81,T3,-3,7,-3,0.025694,0.1486,0.27516,0.48236,1,0.0322,0.2117,0.4058,-6.4,2,-0.5514138672488119,-1.247804185710733,-10.0,-2.8,0.5,0.0322,-3.3783485224104344,-0.007224415199900205,-2.369378661989753,1300,0.071429,fanduel,550,0.153846,fanduel,205,0.327869,draftkings,1
Harry Hall,0.3831473,0.3148676,10,-3,0.4458800095990253,0.018243025794945654,-0.12565470206035276,-3,0.00655,0.107462317821068,-0.0029469116609640755,+5382,+2143,18,30.0,-10.0,0.42,2.05,0.33,-0.04,2.8,2.76,T3,-3,10,-3,0.0173713333333333,0.12536,0.24644,0.46308,1,0.03805,0.25565,0.48535,-7.2,2,-0.8761494471701827,-1.5044620239521018,-10.7,-3.8,-0.6,0.03805,-3.544054636539516,0.0008716924616123528,-2.0185199904009745,2000,0.047619,betonline,900,0.1,fanduel,340,0.227273,fanduel,1
Taylor Pendrith,0.40901324,0.30128413,13,0,0.04904585502938087,0.01753474381162259,-0.9443266789431793,0,,,0.029903902281082768,+5603,+20289,19,,,1.01,-0.07,0.63,-1.62,1.57,-0.05,T34,0,13,0,0.0041646666666666,0.0396,0.09288,0.22792,1,0.0008,0.00805,0.0297,1.4,5,0.6005750000000001,0.49213784722222226,-2.3,5.2,8.6,0.0008,,0.01337007714495599,-0.8797541449706192,1700,0.055556,fanduel,750,0.117647,fanduel,275,0.266667,betonline,1
Sudarshan Yellamaraju,0.40901324,0.30128413,13,0,0.05278937834544305,0.01740724381162259,-0.9443266789431793,0,,,0.029903902281082768,+5645,+18843,20,,,0.37,-0.41,-0.37,0.53,-0.41,0.12,T34,0,13,0,0.003564,0.0356,0.08852,0.22412,1,0.0005,0.00995,0.03395,1.1,5,0.49662500000000004,0.4069565972222222,-2.7,4.8,8.2,0.0005,,0.013843243811622592,-0.8324106216545569,2200,0.043478,betonline,850,0.105263,fanduel,350,0.222222,betonline,1
Lucas Glover,0.40901324,0.30128413,13,0,0.05032305710191973,0.01736474381162259,-0.9443266789431793,0,,,0.029903902281082768,+5659,+19772,21,,,-0.07,-2.06,1.05,1.2,-1.08,0.12,T34,0,13,0,0.0011233333333333,0.01728,0.04916,0.1484,1,0.0004,0.0073,0.03115,1.3,5,0.587885,0.4817390972222222,-2.4,5.2,8.5,0.0004,,0.01624141047828929,-0.4412769428980803,4500,0.021739,fanduel,1900,0.05,fanduel,650,0.133333,fanduel,1
Ricky Castillo,0.4125593,0.30639273,12,0,0.050679476904526705,0.017206911490460424,-0.9479880258169556,0,,,0.02933375911384422,+5712,+19632,22,,,0.27,-0.72,-0.17,0.58,-0.62,-0.05,T34,0,12,0,0.0030013333333333,0.03388,0.0862,0.21388,1,0.0008,0.0095,0.03205,1.3,5,0.55981625,0.4665135416666667,-2.5,5.2,8.5,0.0008,,0.014205578157127124,-0.8113205230954733,2500,0.038462,bet365,1000,0.090909,bet365,350,0.222222,betonline,1
Denny McCarthy,0.4125593,0.30639273,12,0,0.05565616084235053,0.017079411490460425,-0.9479880258169556,0,,,0.02933375911384422,+5755,+17867,23,,,-0.99,-0.3,0.17,1.07,-1.12,-0.05,T34,0,13,0,0.0011666666666666,0.01664,0.04852,0.14808,1,0.0005,0.0109,0.0377,1.0,5,0.47043499999999994,0.3854953472222222,-2.8,4.8,8.2,0.0005,,0.015912744823793824,-0.4295438391576495,3500,0.027778,fanduel,1600,0.058824,fanduel,500,0.166667,fanduel,1
Ben Griffin,0.5796015,0.22396733,7,-3,0.39981963465508347,0.016757363436795812,-0.19721784832908207,-3,0.0082166666666666,0.121828213684464,-0.005719078080934751,+5868,+2401,24,32.0,-11.0,-0.26,0.51,0.18,1.38,0.43,1.81,T3,-3,7,-3,0.0262366666666667,0.1606,0.29692,0.5148,1,0.03605,0.2193,0.4271,-6.6,2,-0.5969575241015354,-1.2889199870361083,-10.1,-3.0,0.2,0.03605,-3.417820911113754,-0.009479303229870888,-2.5693803653449168,900,0.1,fanduel,395,0.20202,draftkings,158,0.387597,draftkings,1
Jhonattan Vegas,0.50755936,0.29934174,5,-1,0.09657304981430855,0.01640174993279164,-0.9671854357479165,-1,,,0.02634434770920285,+5997,+10255,25,,,-0.23,0.75,0.0,-0.26,0.52,0.26,T18,-1,5,-1,0.00203,0.01884,0.04912,0.12984,1,0.00295,0.0307,0.08675,-0.8,4,0.32554,0.05293305555555555,-4.6,3.2,6.6,0.00295,-3.519954165019194,0.014371749932791639,-0.39462695018569144,7500,0.013158,fanduel,2700,0.035714,fanduel,900,0.1,fanduel,1
Bud Cauley,0.41728464,0.30187437,9,0,0.04421268770667711,0.015801352686021664,-0.9634484743032588,0,,,0.02692626554090724,+6229,+22518,26,,,0.31,-1.16,0.86,-0.39,0.01,-0.38,T34,0,9,0,0.0047,0.04496,0.10508,0.24224,1,0.00075,0.00805,0.0268,2.2,5,0.7958799999999999,0.6963949999999999,-1.8,6.1,9.5,0.00075,,0.011101352686021665,-1.006587312293323,1900,0.05,fanduel,850,0.105263,fanduel,300,0.25,fanduel,1
Tom Hoge,0.41728464,0.30187437,9,0,0.048088335375070894,0.01567385268602166,-0.9634484743032588,0,,,0.02692626554090724,+6280,+20695,27,,,0.01,-0.39,0.61,-0.61,0.23,-0.38,T34,0,9,0,0.0007533333333333,0.00944,0.02744,0.08908,1,0.00045,0.0089,0.0312,1.8,5,0.707155,0.618760625,-2.1,5.8,9.3,0.00045,,0.014920519352688361,-0.22631166462492908,8400,0.011765,draftkings,2900,0.033333,draftkings,940,0.096154,draftkings,1
Pierceson Coody,0.35915625,0.36749846,13,1,0.03414325689866741,0.01523935680391824,-0.9666397849965576,1,,,0.026429316180727375,+6462,+29188,28,,,-0.16,-0.02,-0.02,-0.69,-0.19,-0.88,T49,1,13,1,0.002558,0.03452,0.0836,0.21044,1,0.0001,0.00435,0.0158,3.1,6,0.7385,0.8551597222222223,-0.7,7.0,10.4,0.0001,,0.01268135680391824,-0.8018567431013326,1550,0.060606,draftkings,670,0.12987,draftkings,265,0.273973,draftkings,1
Austin Smotherman,0.41728464,0.30128413,8,0,0.04767002570545247,0.015158583929531563,-0.969915159791796,0,,,0.02591927639918533,+6497,+20878,29,,,-0.39,-0.29,-0.82,0.66,-1.51,-0.86,T34,0,8,0,0.0012033333333333,0.01292,0.03912,0.11456,1,0.0006,0.00975,0.0316,2.2,5,0.78457,0.6973955555555555,-1.8,6.1,9.7,0.0006,,0.013955250596198263,-0.3435299742945475,4000,0.02439,fanduel,1600,0.058824,fanduel,510,0.163934,draftkings,1
Nick Taylor,0.39562112,0.3837654,10,-3,0.4177592631306048,0.014674236017056818,0.035714686269857715,-3,0.00465,0.0832996278258778,-0.002633937361640318,+6715,+2294,30,41.0,-6.0,0.17,0.48,-0.19,2.3,0.47,2.76,T3,-3,10,-3,0.0136046666666667,0.09876,0.2084,0.41496,1,0.0318,0.22945,0.45305,-6.9,2,-0.7865327231870227,-1.4272920671888252,-10.3,-3.5,-0.4,0.0318,-3.485027790934009,0.0010695693503901173,-1.6662407368693952,2500,0.038462,betonline,1100,0.083333,fanduel,380,0.208333,fanduel,1
Matt Wallace,0.30045316,0.34343883,12,1,0.03220698935255642,0.012635794324539137,-0.9961919431008802,1,,,0.021827468390502848,+7814,+30949,31,,,0.74,1.76,-1.22,-2.33,1.28,-1.05,T49,1,13,1,0.0010326666666666,0.016,0.04752,0.14116,1,0.0002,0.0044,0.0176,3.1,6,0.72194,0.8415897222222223,-0.9,6.9,10.4,0.0002,,0.011603127657872537,-0.44299301064744356,2500,0.038462,bet365,1100,0.083333,fanduel,380,0.208333,fanduel,1
Si Woo Kim,0.30924693,0.2879139,7,-1,0.18736722110367188,0.008845593521811374,-2.558057666390927,-1,0.02295,0.231540215848966,-0.014070706918588917,+11205,+5237,32,15.0,-16.0,0.21,1.19,-0.28,-0.07,1.12,1.05,T18,-1,7,-1,0.0449986666666667,0.21872,0.37272,0.5994,1,0.0088,0.07895,0.1917,-3.4,4,-0.4621582905650371,-0.6672262345378807,-7.2,0.2,3.6,0.0088,-4.01488862436164,-0.03615307314485533,-3.539832778896328,500,0.166667,bet365,230,0.30303,bet365,-110,0.52381,betonline,1
Chandler Blanchet,0.2086505,0.3517069,9,1,0.020949031602608557,0.008653778506616631,-1.0411391537852253,1,,,0.014828310446289796,+11456,+47635,33,,,0.15,-1.21,-0.76,0.44,-1.82,-1.38,T49,1,9,1,9.8e-05,0.00536,0.01764,0.05872,1,0.0003,0.0032,0.0109,4.5,6,1.1138599999999999,1.2246275,0.5,8.5,12.2,0.0003,,0.00855577850661663,-0.15545096839739145,7500,0.013158,bet365,2700,0.035714,fanduel,900,0.1,fanduel,1
Harris English,0.44329378,0.26605368,11,-2,0.2522156755715877,0.008217533509833619,-0.6429075919427638,-2,0.0097833333333333,0.135864584535835,-0.004768057664057442,+12069,+3865,34,25.0,-13.0,-0.38,0.28,-0.31,2.29,-0.41,1.89,T11,-2,11,-2,0.021074,0.1414,0.27128,0.49328,1,0.01255,0.1108,0.26035,-4.6,3,-0.49937089005552815,-0.9230781151859337,-8.2,-1.0,2.2,0.01255,-3.776185503367148,-0.01285646649016638,-2.4605843244284125,900,0.1,fanduel,430,0.188679,fanduel,170,0.37037,fanduel,1
Ryo Hisatsune,0.18038483,0.39667624,13,2,0.016901400572685396,0.008054315009311067,-1.0466475359058849,2,,,0.013970547842280115,+12316,+59067,35,,,-0.01,-0.69,0.07,-1.25,-0.63,-1.88,T60,2,13,2,0.0011126666666666,0.01788,0.05072,0.14804,1,5e-05,0.00165,0.00705,5.3,7,1.057145,1.3662715972222221,1.2,9.2,12.8,5e-05,,0.0069416483426444665,-0.4902985994273146,2000,0.047619,betonline,850,0.105263,fanduel,300,0.25,draftkings,1
Alex Smalley,0.18038483,0.39667624,13,2,0.014391037878384878,0.008054315009311067,-1.0466475359058849,2,,,0.013970547842280115,+12316,+69388,36,,,0.25,-2.7,0.22,0.19,-2.23,-2.05,T60,2,13,2,0.0015026666666666,0.02232,0.06048,0.16672,1,5e-05,0.00085,0.0042,5.8,7,1.21334,1.4942647222222223,1.7,9.8,13.3,5e-05,,0.006551648342644467,-0.5904089621216151,1175,0.078431,draftkings,510,0.163934,draftkings,205,0.327869,draftkings,1
Matt Fitzpatrick,0.06403345,0.41765898,11,1,0.05400138171316203,0.008020260964955396,-5.529831883885206,1,0.0358,0.279033244949495,-0.022775633104425395,+12368,+18418,37,7.0,-21.0,-0.46,1.4,0.09,-1.94,1.04,-0.89,T49,1,11,1,0.0193446666666667,0.1322,0.25124,0.46584,1,0.00125,0.0151,0.049,0.7,6,0.005779646205867517,0.25489664470219336,-3.1,4.7,8.2,0.00125,-4.181229033889409,-0.011324405701711305,-2.4583986182868385,355,0.21978,draftkings,168,0.373134,draftkings,-144,0.590164,draftkings,1
Andrew Putnam,0.18244873,0.3849088,5,1,0.021695218495890848,0.00723840930337573,-1.0574211507242044,1,,,0.01229288574500127,+13715,+45993,38,,,0.12,-0.08,-1.16,-0.62,-1.12,-1.74,T49,1,5,1,0.00046,0.00776,0.02612,0.08844,1,0.0004,0.00385,0.01395,5.0,6,1.16456,1.3336877777777778,0.8,9.3,13.1,0.0004,,0.00677840930337573,-0.23950478150410914,5000,0.019608,caesars,2000,0.047619,fanduel,750,0.117647,fanduel,1
Sam Burns,0.7294801,0.23831308,7,-1,0.12031184290007546,0.00708432911888667,-1.305587579142845,-1,0.0101,0.13748619047619,-0.0002555145758492694,+14016,+8212,39,20.0,-10.0,0.29,-0.48,-0.28,0.28,-0.47,-0.19,T18,-1,7,-1,0.016406,0.1112,0.21792,0.40872,1,0.00335,0.03785,0.09995,-1.0,4,0.2531773102267628,-0.02143715048972797,-4.9,3.0,6.6,0.00335,-3.426648896130613,-0.00932167088111333,-2.0588881570999242,750,0.117647,fanduel,340,0.227273,fanduel,130,0.434783,fanduel,1
Akshay Bhatia,0.61026955,0.2729767,7,-1,0.1313732547944365,0.006584277915175253,-1.2916113836814673,-1,0.0138166666666667,0.163226016714767,-0.0056548789881010406,+15088,+7512,40,21.0,-14.0,-0.59,0.4,-0.13,0.13,-0.32,-0.19,T18,-1,7,-1,0.0082513333333333,0.06676,0.1488,0.30948,1,0.00445,0.04555,0.11795,-1.4,4,0.10382594909342702,-0.15626824040176723,-5.4,2.5,5.9,0.00445,-3.8502668215999813,-0.001667055418158047,-1.3566267452055634,1200,0.076923,betonline,480,0.172414,draftkings,200,0.333333,betonline,1
Hideki Matsuyama,0.12092146,0.42386806,8,-1,0.1411614113928362,0.006150847449491865,-3.025332504399244,-1,0.0232166666666667,0.222053501082251,-0.016658671102333024,+16158,+6984,41,13.0,-23.0,-0.08,-1.13,1.19,0.79,-0.03,0.76,T18,-1,8,-1,0.02314,0.14232,0.26528,0.4744,1,0.0056,0.0553,0.1471,-2.4,4,-0.17713428962874686,-0.4074527018922194,-6.2,1.3,4.8,0.0056,-3.828259491536844,-0.016989152550508136,-2.511638588607164,850,0.105263,bet365,380,0.208333,fanduel,140,0.416667,fanduel,1
Justin Thomas,0.43589592,0.48965693,7,-1,0.20278737076915057,0.005530421208238713,-0.114832062676258,-2,0.00925,0.119754074074074,-0.0073188326813239755,+17982,+4831,42,36.0,-13.0,0.41,0.43,0.35,-0.14,1.19,1.05,T11,-2,8,-2,0.0334793333333333,0.17088,0.30496,0.51112,1,0.0104,0.08985,0.21015,-3.7,3,-0.179115,-0.6592133333333333,-7.4,-0.0,3.3,0.0104,-3.6920792648417318,-0.027948912125094587,-2.846812629230849,890,0.10101,draftkings,405,0.19802,draftkings,166,0.37594,draftkings,1
Rickie Fowler,0.10597261,0.43514824,10,2,0.013247196047903212,0.005152698223175154,-1.0795284695268832,2,,,0.008850344735956792,+19307,+75388,43,,,-1.32,0.58,-0.41,-1.01,-1.16,-2.17,T60,2,10,2,0.0042326666666666,0.04036,0.09808,0.23564,1,0.00015,0.00145,0.00735,5.7,7,1.1246045000000002,1.468409430555556,1.6,9.9,13.6,0.00015,,0.0009200315565085545,-0.9675528039520968,850,0.105263,fanduel,380,0.208333,fanduel,150,0.4,fanduel,1
Webb Simpson,0.09620571,0.4945344,5,3,0.008316705896209683,0.004946363386222645,-1.0813582347128332,3,,,0.008565414584735033,+20117,+120140,44,,,-1.86,-0.42,-0.34,-1.11,-2.63,-3.74,T67,3,5,3,6e-05,0.00152,0.0048,0.02084,1,5e-05,0.00055,0.002,10.2,8,1.8457600000000003,2.4675822222222226,5.7,14.8,18.8,5e-05,,0.0048863633862226445,-0.03968329410379031,6100,0.016129,draftkings,2200,0.043478,draftkings,850,0.105263,fanduel,1
J.J. Spaun,0.49983186,0.31178546,6,-1,0.10739513713204576,0.004655677789219808,-0.9728234145006595,-1,0.0158166666666667,0.173464305555556,-0.010528531381067035,+21379,+9211,45,22.0,-15.0,0.25,-0.69,-0.23,0.48,-0.67,-0.19,T18,-1,6,-1,0.014534,0.10308,0.20476,0.394,1,0.0038,0.03515,0.0979,-0.9,4,0.28183692627868634,0.008350515755462473,-4.8,3.1,6.7,0.0038,-3.664379213988953,-0.009878322210780192,-1.9402048628679542,900,0.1,fanduel,430,0.188679,fanduel,170,0.37037,fanduel,1
Nicolai Hojgaard,0.21189573,0.3527427,9,-1,0.14307932454908176,0.003706018972256037,-0.8702256679142267,-1,0.0164833333333333,0.167725205026455,-0.01402938729462715,+26883,+6889,46,24.0,-20.0,0.25,0.27,0.35,0.27,0.86,1.14,T18,-1,9,-1,0.0220833333333333,0.13232,0.2472,0.45244,1,0.0054,0.05515,0.14975,-2.7,4,-0.28275449507888445,-0.49741018319402386,-6.4,1.0,4.3,0.0054,-3.8367250599050626,-0.01837731436107726,-2.3289206754509184,880,0.102041,draftkings,400,0.2,draftkings,162,0.381679,draftkings,1
Corey Conners,0.0794139,0.5392258,12,-2,0.1907934727077654,0.0036709613490625986,-0.18313303336527284,-2,0.0056833333333333,0.094474028980279,-0.005322965769746171,+27141,+5141,47,37.0,-20.0,0.76,0.19,0.83,0.18,1.78,1.95,T11,-2,12,-2,0.015446,0.10776,0.21864,0.4212,1,0.00815,0.0848,0.2117,-3.9,3,-0.29522739815816185,-0.7460228317984682,-7.5,-0.3,2.9,0.00815,-3.645401959861328,-0.011775038650937401,-1.9956065272922345,1500,0.0625,draftkings,650,0.133333,fanduel,245,0.289855,draftkings,1
Alex Noren,0.2797954,0.37359312,9,-1,0.14794302801697748,0.0035687939563768733,-0.633060677944493,-1,0.00835,0.118041761063011,-0.0056542713802141325,+27921,+6659,48,26.0,-16.0,0.13,0.15,-0.39,1.25,-0.11,1.14,T18,-1,9,-1,0.0127146666666667,0.08988,0.1892,0.38328,1,0.00475,0.0526,0.1523,-2.8,4,-0.312585,-0.5235118750000001,-6.5,0.9,4.2,0.00475,-3.9728040161304086,-0.009145872710289826,-1.7440569719830226,1700,0.055556,fanduel,700,0.125,fanduel,270,0.27027,fanduel,1
Kristoffer Reitan,0.2797042,0.30631846,13,-2,0.19628930898707128,0.00333625,0.11585376671759816,-2,0.0051333333333333,0.0829774813612314,-0.0051333333333333,+29874,+4995,49,58.0,-3.0,-0.45,0.9,0.68,0.99,1.13,2.12,T11,-2,13,-2,0.0139166666666667,0.09732,0.19788,0.39328,1,0.00785,0.08165,0.2059,-3.9,3,-0.32303134488661867,-0.7647062409487569,-7.5,-0.4,2.8,0.00785,-3.78120363308785,-0.0105804166666667,-1.782510691012929,1600,0.058824,betonline,750,0.117647,betonline,260,0.277778,draftkings,1
Viktor Hovland,0.40935534,0.35753578,10,1,0.04184596637715566,0.002931214209657893,-0.8553099343134329,1,0.0123666666666667,0.148737700817701,-0.00756455499769645,+34016,+23797,50,23.0,-16.0,0.25,-0.17,0.14,-1.39,0.22,-1.17,T49,1,10,1,0.0079246666666666,0.06564,0.14964,0.31736,1,0.0004,0.0074,0.0239,2.8,6,0.6007357911499074,0.7673002646013092,-1.1,6.7,10.3,0.0004,,-0.004993452457008708,-1.4545540336228442,850,0.105263,fanduel,380,0.208333,fanduel,140,0.416667,fanduel,1
Jordan Spieth,0.3290422,0.3409608,8,-1,0.12126467976120704,0.002798798917397669,-0.1293050785255236,-1,0.0107,0.140071991943242,-0.0087520888393084,+35630,+8146,51,35.0,-13.0,0.76,0.35,-0.19,-0.16,0.92,0.76,T18,-1,8,-1,0.018316,0.11576,0.22968,0.42672,1,0.00395,0.0439,0.12145,-1.9,4,-0.03873125954608456,-0.28442778626318627,-5.6,1.8,5.2,0.00395,-3.769662673580907,-0.015517201082602329,-2.1755353202387933,1000,0.090909,fanduel,470,0.175439,fanduel,185,0.350877,fanduel,1
Keegan Bradley,0.32211357,0.5189876,11,-1,0.11169542297275556,0.002352000042681164,-0.004794928967746692,-1,0.00445,0.0784175102212602,-0.0029465216649023234,+42417,+8853,52,40.0,-10.0,0.7,-0.14,0.21,0.12,0.76,0.89,T18,-1,11,-1,0.0137793333333333,0.09916,0.20356,0.3956,1,0.0035,0.0353,0.10865,-1.6,4,0.022366443440364606,-0.23105065208524672,-5.4,2.0,5.4,0.0035,-3.953819361900341,-0.011427333290652136,-1.9239045770272445,1300,0.071429,fanduel,500,0.166667,fanduel,200,0.333333,fanduel,1
Min Woo Lee,0.07457284,0.45740557,13,2,0.015262238603657016,0.001999756310524249,-2.759364693456269,2,0.03385,0.261804689153439,-0.030556945546914346,+49906,+65421,53,14.0,-27.0,0.87,-1.29,0.37,-1.99,-0.06,-2.05,T60,2,13,2,0.0044246666666666,0.04352,0.1062,0.25264,1,0.00025,0.00245,0.0098,4.4,7,0.7579643735516657,1.121109694993726,0.4,8.5,12.1,0.00025,,-0.002424910356142351,-1.0467377613963431,740,0.119048,draftkings,340,0.227273,draftkings,138,0.420168,draftkings,1
Michael Kim,0.27894822,0.38524133,9,-1,0.13283956921838633,0.0019549999999999997,0.07630595039776347,-1,0.0030666666666666,0.0641334367484367,-0.0030666666666666,+51051,+7428,54,47.0,-17.0,0.05,0.47,-0.28,0.89,0.24,1.14,T18,-1,9,-1,0.00504,0.04464,0.10784,0.2508,1,0.0046,0.04935,0.1367,-2.4,4,-0.19876943362440588,-0.42392325442135514,-6.2,1.3,4.5,0.0046,-3.7966176968021847,-0.0030850000000000005,-0.9455604307816137,4000,0.02439,caesars,1400,0.066667,fanduel,500,0.166667,fanduel,1
Patrick Cantlay,0.09683731,0.423231,7,0,0.046565628884944574,0.0018910373532311764,-1.5811797228350304,0,0.0134833333333333,0.16032053992304,-0.01108152924075734,+52781,+21375,55,19.0,-26.0,0.45,-0.12,-0.25,-1.26,0.07,-1.19,T34,0,7,0,0.0111513333333333,0.08376,0.17296,0.35104,1,0.0012,0.0147,0.04415,1.6,5,0.6151674355825671,0.5553594904564843,-2.5,5.7,9.5,0.0012,-4.269398653588542,-0.009260295980102123,-1.6830343711150555,700,0.125,betonline,300,0.25,betonline,125,0.444444,fanduel,1
Gary Woodland,0.07043919,0.5637862,7,-1,0.08558915729910689,0.0016787500000000001,0.008822059075114446,-1,0.0036666666666666,0.0688935137085137,-0.0036666666666666,+59468,+11584,56,53.0,-17.0,-0.61,0.91,0.39,-0.87,0.68,-0.19,T18,-1,7,-1,0.0093693333333333,0.07196,0.14964,0.31148,1,0.00395,0.03485,0.094,-0.9,4,0.28331652722436096,0.005771864855325909,-4.8,3.1,6.5,0.00395,-3.657517455102594,-0.007690583333333301,-1.410810842700893,1200,0.076923,betonline,500,0.166667,betonline,200,0.333333,betonline,1
Maverick McNealy,0.08155716,0.47581798,10,2,0.015456142294692379,0.0013530152830490872,-1.744046284222799,2,0.01905,0.191874078282828,-0.016844756029479848,+73809,+64599,57,17.0,-29.0,-0.16,-1.06,-1.37,0.35,-2.59,-2.24,T60,2,10,2,0.0025213333333333,0.02796,0.07384,0.18668,1,0.0002,0.003,0.00995,5.2,7,0.9279160287969106,1.2990388025751174,0.9,9.3,13.1,0.0002,,-0.0011683180502842128,-0.7229438577053077,900,0.1,fanduel,430,0.188679,fanduel,165,0.377358,betonline,1
Ryan Gerard,0.20516473,0.36453727,9,0,0.06252738513463187,0.001240632253277946,-0.11263976821808912,0,0.0097666666666666,0.12973083032708,-0.008865567095748433,+80504,+15893,58,38.0,-14.0,-0.08,-0.37,0.36,0.23,-0.1,0.14,T34,0,9,0,0.007474,0.06452,0.14536,0.31584,1,0.0017,0.01975,0.06025,0.2,5,0.19149043902912563,0.16755413415048492,-3.6,4.0,7.4,0.0017,-4.109846771473472,-0.006233367746722054,-1.3910726148653678,1375,0.067797,draftkings,580,0.147059,draftkings,225,0.307692,draftkings,1
Justin Rose,0.089222364,0.4474917,11,0,0.057993482505115136,0.001083082988221197,-0.357485125065773,0,0.0078833333333333,0.113263654401154,-0.007367102049470348,+92229,+17143,59,33.0,-22.0,0.39,1.56,-0.24,-1.6,1.71,0.11,T34,0,11,0,0.0093566666666666,0.07688,0.16392,0.3402,1,0.00185,0.02,0.06025,-0.1,5,0.11146522848110729,0.09443581857427145,-3.9,3.7,7.2,0.00185,-4.354551313361276,-0.008273583678445403,-1.581206517494885,1200,0.076923,betonline,500,0.166667,betonline,200,0.333333,fanduel,1
Kurt Kitayama,0.17599559,0.36748502,9,1,0.030418205680306832,0.000538853894800597,-0.10755157842177308,1,0.0096833333333333,0.125960094997595,-0.00907880482063661,+185479,+32775,60,39.0,-15.0,-0.42,-0.19,-0.04,-0.22,-0.64,-0.86,T49,1,9,1,0.008446,0.06152,0.132,0.28676,1,0.00045,0.00755,0.0253,2.6,6,0.556102822423293,0.7365899696203814,-1.3,6.7,10.2,0.00045,,-0.007907146105199403,-1.2895817943196932,870,0.103093,draftkings,390,0.204082,draftkings,158,0.387597,draftkings,1
Chris Gotterup,0.064928524,0.5616772,7,4,0.005479712094434468,0.0003758263239177412,-0.5218919811206152,4,0.01505,0.163040555555556,-0.014396389001882188,+265980,+182391,61,27.0,-26.0,-0.97,-1.37,-1.38,-0.24,-3.71,-3.95,71,4,7,4,0.0022446666666666,0.02152,0.05572,0.14624,1,0.0,0.0007,0.00185,10.6,9,1.7029240219543142,2.5373619642643113,6.1,15.2,19.3,0.0,,-0.001868840342748859,-0.5517202879055656,810,0.10989,draftkings,365,0.215054,draftkings,150,0.4,draftkings,1
Sam Stevens,0.19509113,0.36553657,9,0,0.043694478916632036,0.00036124999999999997,0.012588453517825414,0,0.0085666666666666,0.126126780904281,-0.0085666666666666,+276717,+22786,62,45.0,-21.0,0.88,-0.99,-0.35,0.07,-0.45,-0.38,T34,0,9,0,0.007194,0.0588,0.13504,0.3038,1,0.00085,0.0128,0.03965,1.3,5,0.5368666989886111,0.4697583616150347,-2.6,5.2,8.7,0.00085,,-0.00683275,-1.306705521083368,1600,0.058824,fanduel,650,0.133333,fanduel,250,0.285714,fanduel,1
Adam Scott,0.072984755,0.5489395,13,3,0.007888154000777832,0.0002714872580020014,-0.4181428816456469,3,0.0097666666666666,0.133553001443001,-0.009294514913619642,+368241,+126672,63,31.0,-25.0,0.01,-2.19,-0.97,0.27,-3.15,-2.88,T67,3,13,3,0.0033906666666666,0.033,0.08836,0.22216,1,0.0,0.0008,0.00405,6.6,8,1.0640510614033438,1.6219307308721844,2.5,10.7,14.3,0.0,,-0.003119179408664599,-0.8757118459992221,650,0.133333,betonline,280,0.263158,fanduel,112,0.471698,draftkings,1
Brian Harman,0.2995399,0.5359238,12,1,0.04116735482948372,0.0002125,0.12008258617784173,1,0.0029833333333333,0.0589137602212602,-0.0029833333333333,+470488,+24191,64,60.0,-2.0,-2.71,0.97,0.61,0.38,-1.14,-0.76,T49,1,12,1,0.0016666666666666,0.02016,0.05408,0.15352,1,0.0005,0.0082,0.0293,1.8,6,0.34302900246055773,0.5358575020504648,-2.0,5.7,9.3,0.0005,,-0.0014541666666666,-0.4996326451705163,2500,0.038462,fanduel,1100,0.083333,fanduel,380,0.208333,fanduel,1
Daniel Berger,0.073701866,0.49816298,8,1,0.015724406618905517,0.0001970861538895184,-0.03660824011092327,1,0.0043333333333333,0.0814870622895623,-0.0042492704570037025,+507292,+63495,65,44.0,-15.0,0.01,-0.73,0.49,-1.63,-0.23,-1.86,T49,1,8,1,0.002078,0.02252,0.05828,0.15728,1,0.00035,0.0039,0.0142,4.5,6,1.090595336614077,1.2194180769902907,0.3,8.7,12.6,0.00035,,-0.0018809138461104817,-0.5670755933810945,1900,0.05,fanduel,850,0.105263,fanduel,300,0.25,fanduel,1
Brian Campbell,0.27209345,0.24458393,9,1,0.030440235963446437,0.00014874999999999998,0.10112458873674618,1,5e-05,0.0033520238095238,-5e-05,+672169,+32751,66,79.0,16.0,-0.86,-0.34,0.15,0.18,-1.04,-0.86,T49,1,10,1,8e-05,0.0004,0.00228,0.01636,1,0.00035,0.0057,0.02085,3.0,6,0.6835368652838658,0.8386011895499956,-1.0,6.9,10.5,0.00035,,6.874999999999998e-05,0.007640235963446436,16000,0.006211,bet365,7500,0.013158,fanduel,1900,0.05,fanduel,1
Andrew Novak,0.15961114,0.399966,12,1,0.024347484567683868,0.00014874999999999998,0.0638767183288255,1,0.0030666666666666,0.0600620262145262,-0.0030666666666666,+672169,+40972,67,67.0,2.0,0.34,-0.4,1.09,-2.07,1.03,-1.05,T49,1,12,1,0.0007313333333333,0.01412,0.04272,0.13004,1,0.00035,0.0045,0.01835,3.1,6,0.7246411186750078,0.8538675988958399,-0.9,7.0,10.6,0.00035,,-0.0005825833333333,-0.40285251543231615,3300,0.029412,fanduel,1400,0.066667,fanduel,500,0.166667,fanduel,1
Jason Day,0.009394805,0.7214682,9,6,0.0013014923692387587,9.294290164890451e-05,-0.2580048683798661,6,0.00705,0.110082261904762,-0.006925316692784514,+1075829,+768249,68,34.0,-24.0,-2.06,-1.42,-0.28,-2.1,-3.76,-5.86,72,6,9,6,0.00011,0.00276,0.00912,0.03696,1,5e-05,0.0002,0.00045,15.5,11,2.476256708922209,3.6667246203069332,10.7,20.4,24.9,5e-05,,-1.7057098351095493e-05,-0.08989850763076125,1000,0.090909,fanduel,430,0.188679,fanduel,160,0.384615,betonline,1
Nico Echavarria,0.18776079,0.4701336,11,2,0.01583149388759151,8.5e-05,0.06741210088283313,2,0.0016833333333333,0.0443089911014911,-0.0016833333333333,+1176371,+63065,69,56.0,-11.0,0.4,-0.84,-2.05,0.39,-2.5,-2.11,T60,2,11,2,0.00016,0.00328,0.01176,0.045,1,0.0002,0.0017,0.0075,5.2,7,1.0096469188370312,1.3553953062369293,1.2,9.3,13.0,0.0002,,-7.500000000000001e-05,-0.10176850611240848,6500,0.015152,betonline,2250,0.042553,draftkings,760,0.116279,draftkings,1
Max Homa,0.10777907,0.6237107,6,2,0.011374195736536002,6.374999999999999e-05,0.02318781639788908,2,0.0018333333333333,0.0454374621212121,-0.0018333333333333,+1568527,+87818,70,57.0,-12.0,-0.49,-0.98,0.14,-0.17,-1.33,-1.5,T60,2,6,2,0.0024646666666666,0.02016,0.05292,0.1416,1,0.00015,0.00185,0.00845,5.6,7,0.9732995584131124,1.3921912618786862,1.4,9.8,13.5,0.00015,,-0.0024009166666666,-0.517825804263464,2000,0.047619,fanduel,900,0.1,fanduel,340,0.227273,fanduel,1
Ryan Fox,0.058364075,0.62323546,7,3,0.004613426556153098,0.0,-0.015335159767932698,3,0.00255,0.053891737012987,-0.00255,—,+216659,71,46.0,-25.0,0.25,-2.16,-0.17,-0.87,-2.08,-2.95,T67,3,7,3,0.00054,0.01032,0.03172,0.09724,1,0.0,0.0005,0.00255,9.1,8,1.6316599839323098,2.223026374383335,4.7,13.5,17.4,0.0,,-0.00054,-0.3125865734438469,2000,0.047619,betonline,900,0.1,betonline,300,0.25,betonline,1
Aldrich Potgieter,0.062442623,0.5226736,6,3,0.004376494825471388,0.0,0.01898536962243383,3,0.0013666666666666,0.0360479046416546,-0.0013666666666666,—,+228393,72,81.0,9.0,0.36,-1.3,-0.73,-0.83,-1.67,-2.5,T67,3,6,3,0.0008346666666666,0.01064,0.02956,0.08796,1,0.0,0.00065,0.0024,8.7,8,1.4767251683070384,2.1036647376147855,4.3,13.0,17.0,0.0,,-0.0008346666666666,-0.2912235051745286,2200,0.043478,draftkings,1000,0.090909,betonline,365,0.215054,draftkings,1
